,BillNumber,BillTitle,BusinessAuthor,BusinessNumber,BusinessShortNumber,BusinessTitle,ID,IdLegislativePeriod,IdSession,Language,MeaningNo,MeaningYes,RegistrationNumber,SessionName,Subject,VoteEnd
0,,,,20140039,14.039,Sperrung und Rückerstattung unrechtmässig erworbener Vermögenswerte ausländischer politisch exponierter Personen. Bundesgesetz,16344,50,5001,DE,Antrag der Minderheit Stamm (Festhalten),Antrag der Mehrheit (gemäss SR),12604,Wintersession 2015,"Art. 1  (die Abstimmung gilt auch für Art. 2 Bst. b, Art. 3 Abs. 1 Bst. a, b und c Ziff. 1 und 2, Art. 4 Abs. 1 Bst. a, b und c Ziff. 1 und 2, Art. 5 Abs. 1, Art. 14 Abs. 2 Bst. a und Art. 22 Abs. 3 Bst. a)",2015-11-30T18:17:38.8308375
1,,,,20140039,14.039,Blocage et restitution des avoirs illicites de personnes politiquement exposées à l’étranger. Loi,16344,50,5001,EN,Antrag der Minderheit Stamm (Festhalten),Antrag der Mehrheit (gemäss SR),12604,Session d'hiver 2015,"Art. 1  (die Abstimmung gilt auch für Art. 2 Bst. b, Art. 3 Abs. 1 Bst. a, b und c Ziff. 1 und 2, Art. 4 Abs. 1 Bst. a, b und c Ziff. 1 und 2, Art. 5 Abs. 1, Art. 14 Abs. 2 Bst. a und Art. 22 Abs. 3 Bst. a)",2015-11-30T18:17:38.8308375
2,,,,20140039,14.039,Blocage et restitution des avoirs illicites de personnes politiquement exposées à l’étranger. Loi,16344,50,5001,FR,Antrag der Minderheit Stamm (Festhalten),Antrag der Mehrheit (gemäss SR),12604,Session d'hiver 2015,"Art. 1  (die Abstimmung gilt auch für Art. 2 Bst. b, Art. 3 Abs. 1 Bst. a, b und c Ziff. 1 und 2, Art. 4 Abs. 1 Bst. a, b und c Ziff. 1 und 2, Art. 5 Abs. 1, Art. 14 Abs. 2 Bst. a und Art. 22 Abs. 3 Bst. a)",2015-11-30T18:17:38.8308375
3,,,,20140039,14.039,Blocco e restituzione dei valori patromoniali di provenienza illecita di persone politicamente esposte. Legge,16344,50,5001,IT,Antrag der Minderheit Stamm (Festhalten),Antrag der Mehrheit (gemäss SR),12604,Sessione invernale 2015,"Art. 1  (die Abstimmung gilt auch für Art. 2 Bst. b, Art. 3 Abs. 1 Bst. a, b und c Ziff. 1 und 2, Art. 4 Abs. 1 Bst. a, b und c Ziff. 1 und 2, Art. 5 Abs. 1, Art. 14 Abs. 2 Bst. a und Art. 22 Abs. 3 Bst. a)",2015-11-30T18:17:38.8308375
4,,,,20140039,14.039,Sperrung und Rückerstattung unrechtmässig erworbener Vermögenswerte ausländischer politisch exponierter Personen. Bundesgesetz,16344,50,5001,RM,Antrag der Minderheit Stamm (Festhalten),Antrag der Mehrheit (gemäss SR),12604,Wintersession 2015,"Art. 1  (die Abstimmung gilt auch für Art. 2 Bst. b, Art. 3 Abs. 1 Bst. a, b und c Ziff. 1 und 2, Art. 4 Abs. 1 Bst. a, b und c Ziff. 1 und 2, Art. 5 Abs. 1, Art. 14 Abs. 2 Bst. a und Art. 22 Abs. 3 Bst. a)",2015-11-30T18:17:38.8308375
5,,,,20140039,14.039,Sperrung und Rückerstattung unrechtmässig erworbener Vermögenswerte ausländischer politisch exponierter Personen. Bundesgesetz,16345,50,5001,DE,Antrag der Minderheit Stamm,Antrag der Mehrheit,12605,Wintersession 2015,Art. 14 Abs. 3,2015-11-30T18:38:41.150886
6,,,,20140039,14.039,Blocage et restitution des avoirs illicites de personnes politiquement exposées à l’étranger. Loi,16345,50,5001,EN,Antrag der Minderheit Stamm,Antrag der Mehrheit,12605,Session d'hiver 2015,Art. 14 Abs. 3,2015-11-30T18:38:41.150886
7,,,,20140039,14.039,Blocage et restitution des avoirs illicites de personnes politiquement exposées à l’étranger. Loi,16345,50,5001,FR,Antrag der Minderheit Stamm,Antrag der Mehrheit,12605,Session d'hiver 2015,Art. 14 Abs. 3,2015-11-30T18:38:41.150886
8,,,,20140039,14.039,Blocco e restituzione dei valori patromoniali di provenienza illecita di persone politicamente esposte. Legge,16345,50,5001,IT,Antrag der Minderheit Stamm,Antrag der Mehrheit,12605,Sessione invernale 2015,Art. 14 Abs. 3,2015-11-30T18:38:41.150886
9,,,,20140039,14.039,Sperrung und Rückerstattung unrechtmässig erworbener Vermögenswerte ausländischer politisch exponierter Personen. Bundesgesetz,16345,50,5001,RM,Antrag der Minderheit Stamm,Antrag der Mehrheit,12605,Wintersession 2015,Art. 14 Abs. 3,2015-11-30T18:38:41.150886
10,,,,20150036,15.036,FIPOI. Finanzhilfen zum Wiederaufbau des IFRC in Genf,16346,50,5001,DE,Ablehnung der Vorlage,Annahme der Vorlage,12606,Wintersession 2015,Gesamtabstimmung,2015-11-30T19:08:37.0022172
11,,,,20150036,15.036,FIPOI. Aides financières à la reconstruction du FISCR à Genève,16346,50,5001,EN,Ablehnung der Vorlage,Annahme der Vorlage,12606,Session d'hiver 2015,Gesamtabstimmung,2015-11-30T19:08:37.0022172
12,,,,20150036,15.036,FIPOI. Aides financières à la reconstruction du FISCR à Genève,16346,50,5001,FR,Ablehnung der Vorlage,Annahme der Vorlage,12606,Session d'hiver 2015,Gesamtabstimmung,2015-11-30T19:08:37.0022172
13,,,,20150036,15.036,FIPOI. Aiuti finanziari alla ricostruzione della FISCR a Ginevra,16346,50,5001,IT,Ablehnung der Vorlage,Annahme der Vorlage,12606,Sessione invernale 2015,Gesamtabstimmung,2015-11-30T19:08:37.0022172
14,,,,20150036,15.036,FIPOI. Finanzhilfen zum Wiederaufbau des IFRC in Genf,16346,50,5001,RM,Ablehnung der Vorlage,Annahme der Vorlage,12606,Wintersession 2015,Gesamtabstimmung,2015-11-30T19:08:37.0022172
15,,,,20150036,15.036,FIPOI. Finanzhilfen zum Wiederaufbau des IFRC in Genf,16354,50,5001,DE,Antrag Frehner (Rückweisung an den Bundesrat),Antrag der Kommission (keine Rückweisung),12614,Wintersession 2015,Rückweisungsantrag,2015-11-30T19:05:53.9543671
16,,,,20150036,15.036,FIPOI. Aides financières à la reconstruction du FISCR à Genève,16354,50,5001,EN,Antrag Frehner (Rückweisung an den Bundesrat),Antrag der Kommission (keine Rückweisung),12614,Session d'hiver 2015,Rückweisungsantrag,2015-11-30T19:05:53.9543671
17,,,,20150036,15.036,FIPOI. Aides financières à la reconstruction du FISCR à Genève,16354,50,5001,FR,Antrag Frehner (Rückweisung an den Bundesrat),Antrag der Kommission (keine Rückweisung),12614,Session d'hiver 2015,Rückweisungsantrag,2015-11-30T19:05:53.9543671
18,,,,20150036,15.036,FIPOI. Aiuti finanziari alla ricostruzione della FISCR a Ginevra,16354,50,5001,IT,Antrag Frehner (Rückweisung an den Bundesrat),Antrag der Kommission (keine Rückweisung),12614,Sessione invernale 2015,Rückweisungsantrag,2015-11-30T19:05:53.9543671
19,,,,20150036,15.036,FIPOI. Finanzhilfen zum Wiederaufbau des IFRC in Genf,16354,50,5001,RM,Antrag Frehner (Rückweisung an den Bundesrat),Antrag der Kommission (keine Rückweisung),12614,Wintersession 2015,Rückweisungsantrag,2015-11-30T19:05:53.9543671
20,,,,20150036,15.036,FIPOI. Finanzhilfen zum Wiederaufbau des IFRC in Genf,16355,50,5001,DE,Ablehnung des Artikels,Zustimmung zum Artikel nach der Regel über die Ausgabenbremse,12615,Wintersession 2015,Art. 1 - Abstimmung nach der Regel über die Ausgabenbremse ,2015-11-30T19:07:42.5487665
21,,,,20150036,15.036,FIPOI. Aides financières à la reconstruction du FISCR à Genève,16355,50,5001,EN,Ablehnung des Artikels,Zustimmung zum Artikel nach der Regel über die Ausgabenbremse,12615,Session d'hiver 2015,Art. 1 - Abstimmung nach der Regel über die Ausgabenbremse ,2015-11-30T19:07:42.5487665
22,,,,20150036,15.036,FIPOI. Aides financières à la reconstruction du FISCR à Genève,16355,50,5001,FR,Ablehnung des Artikels,Zustimmung zum Artikel nach der Regel über die Ausgabenbremse,12615,Session d'hiver 2015,Art. 1 - Abstimmung nach der Regel über die Ausgabenbremse ,2015-11-30T19:07:42.5487665
23,,,,20150036,15.036,FIPOI. Aiuti finanziari alla ricostruzione della FISCR a Ginevra,16355,50,5001,IT,Ablehnung des Artikels,Zustimmung zum Artikel nach der Regel über die Ausgabenbremse,12615,Sessione invernale 2015,Art. 1 - Abstimmung nach der Regel über die Ausgabenbremse ,2015-11-30T19:07:42.5487665
24,,,,20150036,15.036,FIPOI. Finanzhilfen zum Wiederaufbau des IFRC in Genf,16355,50,5001,RM,Ablehnung des Artikels,Zustimmung zum Artikel nach der Regel über die Ausgabenbremse,12615,Wintersession 2015,Art. 1 - Abstimmung nach der Regel über die Ausgabenbremse ,2015-11-30T19:07:42.5487665
25,,,,20140019,14.019,Für eine nachhaltige und ressourceneffiziente Wirtschaft (Grüne Wirtschaft). Volksinitiative und indirekter Gegenvorschlag,16359,50,5001,DE,Antrag der Minderheit Jans (Empfehlung auf Annanhme der Volksinitiative),Antrag der Mehrheit (Empfehlung auf Ablehnung der Volksinitiative),12619,Wintersession 2015,Art. 2,2015-12-01T11:29:14.2077631
26,,,,20140019,14.019,Pour une économie durable et fondée sur une gestion efficiente des ressources (économie verte). Initiative populaire et contre-projet indirect,16359,50,5001,EN,Antrag der Minderheit Jans (Empfehlung auf Annanhme der Volksinitiative),Antrag der Mehrheit (Empfehlung auf Ablehnung der Volksinitiative),12619,Session d'hiver 2015,Art. 2,2015-12-01T11:29:14.2077631
27,,,,20140019,14.019,Pour une économie durable et fondée sur une gestion efficiente des ressources (économie verte). Initiative populaire et contre-projet indirect,16359,50,5001,FR,Antrag der Minderheit Jans (Empfehlung auf Annanhme der Volksinitiative),Antrag der Mehrheit (Empfehlung auf Ablehnung der Volksinitiative),12619,Session d'hiver 2015,Art. 2,2015-12-01T11:29:14.2077631
28,,,,20140019,14.019,Per un'economia sostenibile ed efficiente in materia di gestione della risorse (economia verde). Iniziativa popolare e controprogetto indiretto,16359,50,5001,IT,Antrag der Minderheit Jans (Empfehlung auf Annanhme der Volksinitiative),Antrag der Mehrheit (Empfehlung auf Ablehnung der Volksinitiative),12619,Sessione invernale 2015,Art. 2,2015-12-01T11:29:14.2077631
29,,,,20140019,14.019,Für eine nachhaltige und ressourceneffiziente Wirtschaft (Grüne Wirtschaft). Volksinitiative und indirekter Gegenvorschlag,16359,50,5001,RM,Antrag der Minderheit Jans (Empfehlung auf Annanhme der Volksinitiative),Antrag der Mehrheit (Empfehlung auf Ablehnung der Volksinitiative),12619,Wintersession 2015,Art. 2,2015-12-01T11:29:14.2077631
30,,,Fehr Jacqueline,20130454,13.454,Schutz vor Gewalt aus dem nahen sozialen Umfeld,16361,50,5001,DE,Antrag der Minderheit Rickli Natalie (keine Folge geben),Antrag der Mehrheit (Folge geben),12621,Wintersession 2015,,2015-12-01T12:44:17.8440708
31,,,Fehr Jacqueline,20130454,13.454,Protection des personnes menacées de violence dans leur environnement social proche,16361,50,5001,EN,Antrag der Minderheit Rickli Natalie (keine Folge geben),Antrag der Mehrheit (Folge geben),12621,Session d'hiver 2015,,2015-12-01T12:44:17.8440708
32,,,Fehr Jacqueline,20130454,13.454,Protection des personnes menacées de violence dans leur environnement social proche,16361,50,5001,FR,Antrag der Minderheit Rickli Natalie (keine Folge geben),Antrag der Mehrheit (Folge geben),12621,Session d'hiver 2015,,2015-12-01T12:44:17.8440708
33,,,Fehr Jacqueline,20130454,13.454,Proteggere le persone dalle violenze subite nell'ambiente sociale immediato,16361,50,5001,IT,Antrag der Minderheit Rickli Natalie (keine Folge geben),Antrag der Mehrheit (Folge geben),12621,Sessione invernale 2015,,2015-12-01T12:44:17.8440708
34,,,Fehr Jacqueline,20130454,13.454,Schutz vor Gewalt aus dem nahen sozialen Umfeld,16361,50,5001,RM,Antrag der Minderheit Rickli Natalie (keine Folge geben),Antrag der Mehrheit (Folge geben),12621,Wintersession 2015,,2015-12-01T12:44:17.8440708
35,,,Stamm,20070428,07.428,Strafrechtsrevision rückgängig machen bezüglich Strafensystematik,16362,50,5001,DE,Antrag der Minderheit Stamm (Folge geben),Antrag der Mehrheit (keine Folge geben),12622,Wintersession 2015,,2015-12-01T12:45:59.2509272
36,,,Stamm,20070428,07.428,Abroger les dispositions révisées du Code pénal concernant le système des peines,16362,50,5001,EN,Antrag der Minderheit Stamm (Folge geben),Antrag der Mehrheit (keine Folge geben),12622,Session d'hiver 2015,,2015-12-01T12:45:59.2509272
37,,,Stamm,20070428,07.428,Abroger les dispositions révisées du Code pénal concernant le système des peines,16362,50,5001,FR,Antrag der Minderheit Stamm (Folge geben),Antrag der Mehrheit (keine Folge geben),12622,Session d'hiver 2015,,2015-12-01T12:45:59.2509272
38,,,Stamm,20070428,07.428,Revisione del diritto penale. Ripristinare la normativa precedente per quanto concerne il sistema delle pene,16362,50,5001,IT,Antrag der Minderheit Stamm (Folge geben),Antrag der Mehrheit (keine Folge geben),12622,Sessione invernale 2015,,2015-12-01T12:45:59.2509272
39,,,Stamm,20070428,07.428,Strafrechtsrevision rückgängig machen bezüglich Strafensystematik,16362,50,5001,RM,Antrag der Minderheit Stamm (Folge geben),Antrag der Mehrheit (keine Folge geben),12622,Wintersession 2015,,2015-12-01T12:45:59.2509272
40,,,Fraktion V,20080512,08.512,Abschaffung der Geldstrafen. Wiedereinführung von Bussen,16363,50,5001,DE,Antrag der Minderheit Stamm (Fole geben),Antrag der Mehrheit (keine Folge geben),12623,Wintersession 2015,,2015-12-01T12:46:51.5168648
41,,,Groupe V,20080512,08.512,Abolition des peines pécuniaires et réintroduction des amendes,16363,50,5001,EN,Antrag der Minderheit Stamm (Fole geben),Antrag der Mehrheit (keine Folge geben),12623,Session d'hiver 2015,,2015-12-01T12:46:51.5168648
42,,,Groupe V,20080512,08.512,Abolition des peines pécuniaires et réintroduction des amendes,16363,50,5001,FR,Antrag der Minderheit Stamm (Fole geben),Antrag der Mehrheit (keine Folge geben),12623,Session d'hiver 2015,,2015-12-01T12:46:51.5168648
43,,,Gruppo V,20080512,08.512,Abolizione della pena pecuniaria. Ripristino delle multe,16363,50,5001,IT,Antrag der Minderheit Stamm (Fole geben),Antrag der Mehrheit (keine Folge geben),12623,Sessione invernale 2015,,2015-12-01T12:46:51.5168648
44,,,Fraktion V,20080512,08.512,Abschaffung der Geldstrafen. Wiedereinführung von Bussen,16363,50,5001,RM,Antrag der Minderheit Stamm (Fole geben),Antrag der Mehrheit (keine Folge geben),12623,Wintersession 2015,,2015-12-01T12:46:51.5168648
45,,,Lüscher,20120501,12.501,Anpassung des Finmag zur Stärkung von Ansehen und Wettbewerbsfähigkeit des Finanzplatzes,16364,50,5001,DE,Antrag des Initanten (Folge geben),Antrag der Kommission (keine Folge geben),12624,Wintersession 2015,,2015-12-01T12:48:06.2985616
46,,,Lüscher,20120501,12.501,Adaptation de la LFINMA pour promouvoir la réputation et la compétitivité de la place financière,16364,50,5001,EN,Antrag des Initanten (Folge geben),Antrag der Kommission (keine Folge geben),12624,Session d'hiver 2015,,2015-12-01T12:48:06.2985616
47,,,Lüscher,20120501,12.501,Adaptation de la LFINMA pour promouvoir la réputation et la compétitivité de la place financière,16364,50,5001,FR,Antrag des Initanten (Folge geben),Antrag der Kommission (keine Folge geben),12624,Session d'hiver 2015,,2015-12-01T12:48:06.2985616
48,,,Lüscher,20120501,12.501,Adeguamento della LFINMA per promuovere la reputazione e la concorrenzialità della piazza finanziaria,16364,50,5001,IT,Antrag des Initanten (Folge geben),Antrag der Kommission (keine Folge geben),12624,Sessione invernale 2015,,2015-12-01T12:48:06.2985616
49,,,Lüscher,20120501,12.501,Anpassung des Finmag zur Stärkung von Ansehen und Wettbewerbsfähigkeit des Finanzplatzes,16364,50,5001,RM,Antrag des Initanten (Folge geben),Antrag der Kommission (keine Folge geben),12624,Wintersession 2015,,2015-12-01T12:48:06.2985616
50,,,Kiener Nellen,20140432,14.432,Straflose Selbstanzeige befristen. Anreiz zu Steuerehrlichkeit mit der individuellen Amnestie,16366,50,5001,DE,Antrag der Minderheit Pardini (Folge geben),Antrag der Mehrheit (keine Folge geben),12626,Wintersession 2015,,2015-12-01T12:50:15.7837109
51,,,Kiener Nellen,20140432,14.432,Limiter dans le temps les dénonciations spontanées non punissables. Inciter à l'honnêteté fiscale par une amnistie individuelle,16366,50,5001,EN,Antrag der Minderheit Pardini (Folge geben),Antrag der Mehrheit (keine Folge geben),12626,Session d'hiver 2015,,2015-12-01T12:50:15.7837109
52,,,Kiener Nellen,20140432,14.432,Limiter dans le temps les dénonciations spontanées non punissables. Inciter à l'honnêteté fiscale par une amnistie individuelle,16366,50,5001,FR,Antrag der Minderheit Pardini (Folge geben),Antrag der Mehrheit (keine Folge geben),12626,Session d'hiver 2015,,2015-12-01T12:50:15.7837109
53,,,Kiener Nellen,20140432,14.432,Limitare nel tempo l'autodenuncia esente da pena. Incentivare l'onestà fiscale con l'amnistia individuale,16366,50,5001,IT,Antrag der Minderheit Pardini (Folge geben),Antrag der Mehrheit (keine Folge geben),12626,Sessione invernale 2015,,2015-12-01T12:50:15.7837109
54,,,Kiener Nellen,20140432,14.432,Straflose Selbstanzeige befristen. Anreiz zu Steuerehrlichkeit mit der individuellen Amnestie,16366,50,5001,RM,Antrag der Minderheit Pardini (Folge geben),Antrag der Mehrheit (keine Folge geben),12626,Wintersession 2015,,2015-12-01T12:50:15.7837109
55,,,Joder,20140435,14.435,Sicherung der Ernährungssicherheit,16367,50,5001,DE,Antrag der Minderheit Aebi (Folge geben),Antrag der Mehrheit (keine Folge geben),12627,Wintersession 2015,,2015-12-01T12:51:56.4093131
56,,,Joder,20140435,14.435,Garantir la sécurité alimentaire,16367,50,5001,EN,Antrag der Minderheit Aebi (Folge geben),Antrag der Mehrheit (keine Folge geben),12627,Session d'hiver 2015,,2015-12-01T12:51:56.4093131
57,,,Joder,20140435,14.435,Garantir la sécurité alimentaire,16367,50,5001,FR,Antrag der Minderheit Aebi (Folge geben),Antrag der Mehrheit (keine Folge geben),12627,Session d'hiver 2015,,2015-12-01T12:51:56.4093131
58,,,Joder,20140435,14.435,Garantire la sicurezza alimentare,16367,50,5001,IT,Antrag der Minderheit Aebi (Folge geben),Antrag der Mehrheit (keine Folge geben),12627,Sessione invernale 2015,,2015-12-01T12:51:56.4093131
59,,,Joder,20140435,14.435,Sicherung der Ernährungssicherheit,16367,50,5001,RM,Antrag der Minderheit Aebi (Folge geben),Antrag der Mehrheit (keine Folge geben),12627,Wintersession 2015,,2015-12-01T12:51:56.4093131
60,,,Fraktion RL,20140436,14.436,Für eine umwelt- und klimafreundliche Energieversorgung,16368,50,5001,DE,Antrag der Minderheit Schillger (Folge geben),Antrag der Mehrheit (keine Folge geben),12628,Wintersession 2015,,2015-12-01T12:53:01.0034498
61,,,Groupe RL,20140436,14.436,Pour un approvisionnement en énergie respectueux de l'environnement et du climat,16368,50,5001,EN,Antrag der Minderheit Schillger (Folge geben),Antrag der Mehrheit (keine Folge geben),12628,Session d'hiver 2015,,2015-12-01T12:53:01.0034498
62,,,Groupe RL,20140436,14.436,Pour un approvisionnement en énergie respectueux de l'environnement et du climat,16368,50,5001,FR,Antrag der Minderheit Schillger (Folge geben),Antrag der Mehrheit (keine Folge geben),12628,Session d'hiver 2015,,2015-12-01T12:53:01.0034498
63,,,Gruppo RL,20140436,14.436,Per un approvvigionamento energetico rispettoso dell'ambiente e del clima,16368,50,5001,IT,Antrag der Minderheit Schillger (Folge geben),Antrag der Mehrheit (keine Folge geben),12628,Sessione invernale 2015,,2015-12-01T12:53:01.0034498
64,,,Fraktion RL,20140436,14.436,Für eine umwelt- und klimafreundliche Energieversorgung,16368,50,5001,RM,Antrag der Minderheit Schillger (Folge geben),Antrag der Mehrheit (keine Folge geben),12628,Wintersession 2015,,2015-12-01T12:53:01.0034498
65,,,Hardegger,20140439,14.439,Mitsprache und Rechtsstellung der Patientinnen und Patienten bei der Bestellung von Vertrauensärzten,16369,50,5001,DE,Antrag der Minderheit Steiert (Folge geben),Antrag der Mehrheit (keine Folge geben),12629,Wintersession 2015,,2015-12-01T12:54:23.0039398
66,,,Hardegger,20140439,14.439,Désignation des médecins-conseils. Donner un statut juridique aux patients et leur donner voix au chapitre,16369,50,5001,EN,Antrag der Minderheit Steiert (Folge geben),Antrag der Mehrheit (keine Folge geben),12629,Session d'hiver 2015,,2015-12-01T12:54:23.0039398
67,,,Hardegger,20140439,14.439,Désignation des médecins-conseils. Donner un statut juridique aux patients et leur donner voix au chapitre,16369,50,5001,FR,Antrag der Minderheit Steiert (Folge geben),Antrag der Mehrheit (keine Folge geben),12629,Session d'hiver 2015,,2015-12-01T12:54:23.0039398
68,,,Hardegger,20140439,14.439,Dare uno statuto giuridico ai pazienti per coinvolgerli nella designazione dei medici di fiducia,16369,50,5001,IT,Antrag der Minderheit Steiert (Folge geben),Antrag der Mehrheit (keine Folge geben),12629,Sessione invernale 2015,,2015-12-01T12:54:23.0039398
69,,,Hardegger,20140439,14.439,Mitsprache und Rechtsstellung der Patientinnen und Patienten bei der Bestellung von Vertrauensärzten,16369,50,5001,RM,Antrag der Minderheit Steiert (Folge geben),Antrag der Mehrheit (keine Folge geben),12629,Wintersession 2015,,2015-12-01T12:54:23.0039398
70,1,"Bundesgesetz über die Armee und die Militärverwaltung (Militärgesetz, MG)",,20140069,14.069,Weiterentwicklung der Armee. Änderung der Rechtsgrundlagen,16387,50,5001,DE,Antrag der Minderheit Glättli,Antrag der Mehrheit,12647,Wintersession 2015,Eintreten,2015-12-02T09:06:07.6039225
71,1,"Loi fédérale sur l'armée et l'administration militaire (Loi sur l'armée, LAAM)",,20140069,14.069,Développement de l’armée. Modification des bases légales,16387,50,5001,EN,Antrag der Minderheit Glättli,Antrag der Mehrheit,12647,Session d'hiver 2015,Eintreten,2015-12-02T09:06:07.6039225
72,1,"Loi fédérale sur l'armée et l'administration militaire (Loi sur l'armée, LAAM)",,20140069,14.069,Développement de l’armée. Modification des bases légales,16387,50,5001,FR,Antrag der Minderheit Glättli,Antrag der Mehrheit,12647,Session d'hiver 2015,Eintreten,2015-12-02T09:06:07.6039225
73,1,"Legge federale sull'esercito e sull'amministrazione militare (Legge militare, LM)",,20140069,14.069,Ulteriore sviluppo deIl‘esercito. Modifica delle basi legali,16387,50,5001,IT,Antrag der Minderheit Glättli,Antrag der Mehrheit,12647,Sessione invernale 2015,Eintreten,2015-12-02T09:06:07.6039225
74,1,"Bundesgesetz über die Armee und die Militärverwaltung (Militärgesetz, MG)",,20140069,14.069,Weiterentwicklung der Armee. Änderung der Rechtsgrundlagen,16387,50,5001,RM,Antrag der Minderheit Glättli,Antrag der Mehrheit,12647,Wintersession 2015,Eintreten,2015-12-02T09:06:07.6039225
75,1,"Bundesgesetz über die Armee und die Militärverwaltung (Militärgesetz, MG)",,20140069,14.069,Weiterentwicklung der Armee. Änderung der Rechtsgrundlagen,16388,50,5001,DE,Antrag der Minderheit Fridez,Antrag der Mehrheit,12648,Wintersession 2015,Art. 40c-40e (7. Kapitel),2015-12-02T10:19:18.2268298
76,1,"Loi fédérale sur l'armée et l'administration militaire (Loi sur l'armée, LAAM)",,20140069,14.069,Développement de l’armée. Modification des bases légales,16388,50,5001,EN,Antrag der Minderheit Fridez,Antrag der Mehrheit,12648,Session d'hiver 2015,Art. 40c-40e (7. Kapitel),2015-12-02T10:19:18.2268298
77,1,"Loi fédérale sur l'armée et l'administration militaire (Loi sur l'armée, LAAM)",,20140069,14.069,Développement de l’armée. Modification des bases légales,16388,50,5001,FR,Antrag der Minderheit Fridez,Antrag der Mehrheit,12648,Session d'hiver 2015,Art. 40c-40e (7. Kapitel),2015-12-02T10:19:18.2268298
78,1,"Legge federale sull'esercito e sull'amministrazione militare (Legge militare, LM)",,20140069,14.069,Ulteriore sviluppo deIl‘esercito. Modifica delle basi legali,16388,50,5001,IT,Antrag der Minderheit Fridez,Antrag der Mehrheit,12648,Sessione invernale 2015,Art. 40c-40e (7. Kapitel),2015-12-02T10:19:18.2268298
79,1,"Bundesgesetz über die Armee und die Militärverwaltung (Militärgesetz, MG)",,20140069,14.069,Weiterentwicklung der Armee. Änderung der Rechtsgrundlagen,16388,50,5001,RM,Antrag der Minderheit Fridez,Antrag der Mehrheit,12648,Wintersession 2015,Art. 40c-40e (7. Kapitel),2015-12-02T10:19:18.2268298
80,1,"Bundesgesetz über die Armee und die Militärverwaltung (Militärgesetz, MG)",,20140069,14.069,Weiterentwicklung der Armee. Änderung der Rechtsgrundlagen,16389,50,5001,DE,Antrag der Minderheit II Flach,Antrag der Minderheit I Graf-Litscher,12649,Wintersession 2015,Art. 51 Abs. 2,2015-12-02T10:21:04.8055921
81,1,"Loi fédérale sur l'armée et l'administration militaire (Loi sur l'armée, LAAM)",,20140069,14.069,Développement de l’armée. Modification des bases légales,16389,50,5001,EN,Antrag der Minderheit II Flach,Antrag der Minderheit I Graf-Litscher,12649,Session d'hiver 2015,Art. 51 Abs. 2,2015-12-02T10:21:04.8055921
82,1,"Loi fédérale sur l'armée et l'administration militaire (Loi sur l'armée, LAAM)",,20140069,14.069,Développement de l’armée. Modification des bases légales,16389,50,5001,FR,Antrag der Minderheit II Flach,Antrag der Minderheit I Graf-Litscher,12649,Session d'hiver 2015,Art. 51 Abs. 2,2015-12-02T10:21:04.8055921
83,1,"Legge federale sull'esercito e sull'amministrazione militare (Legge militare, LM)",,20140069,14.069,Ulteriore sviluppo deIl‘esercito. Modifica delle basi legali,16389,50,5001,IT,Antrag der Minderheit II Flach,Antrag der Minderheit I Graf-Litscher,12649,Sessione invernale 2015,Art. 51 Abs. 2,2015-12-02T10:21:04.8055921
84,1,"Bundesgesetz über die Armee und die Militärverwaltung (Militärgesetz, MG)",,20140069,14.069,Weiterentwicklung der Armee. Änderung der Rechtsgrundlagen,16389,50,5001,RM,Antrag der Minderheit II Flach,Antrag der Minderheit I Graf-Litscher,12649,Wintersession 2015,Art. 51 Abs. 2,2015-12-02T10:21:04.8055921
85,1,"Bundesgesetz über die Armee und die Militärverwaltung (Militärgesetz, MG)",,20140069,14.069,Weiterentwicklung der Armee. Änderung der Rechtsgrundlagen,16390,50,5001,DE,Antrag der Minderheit II Flach,Antrag der Mehrheit,12650,Wintersession 2015,Art. 51 Abs. 2,2015-12-02T10:21:55.6652721
86,1,"Loi fédérale sur l'armée et l'administration militaire (Loi sur l'armée, LAAM)",,20140069,14.069,Développement de l’armée. Modification des bases légales,16390,50,5001,EN,Antrag der Minderheit II Flach,Antrag der Mehrheit,12650,Session d'hiver 2015,Art. 51 Abs. 2,2015-12-02T10:21:55.6652721
87,1,"Loi fédérale sur l'armée et l'administration militaire (Loi sur l'armée, LAAM)",,20140069,14.069,Développement de l’armée. Modification des bases légales,16390,50,5001,FR,Antrag der Minderheit II Flach,Antrag der Mehrheit,12650,Session d'hiver 2015,Art. 51 Abs. 2,2015-12-02T10:21:55.6652721
88,1,"Legge federale sull'esercito e sull'amministrazione militare (Legge militare, LM)",,20140069,14.069,Ulteriore sviluppo deIl‘esercito. Modifica delle basi legali,16390,50,5001,IT,Antrag der Minderheit II Flach,Antrag der Mehrheit,12650,Sessione invernale 2015,Art. 51 Abs. 2,2015-12-02T10:21:55.6652721
89,1,"Bundesgesetz über die Armee und die Militärverwaltung (Militärgesetz, MG)",,20140069,14.069,Weiterentwicklung der Armee. Änderung der Rechtsgrundlagen,16390,50,5001,RM,Antrag der Minderheit II Flach,Antrag der Mehrheit,12650,Wintersession 2015,Art. 51 Abs. 2,2015-12-02T10:21:55.6652721
90,1,"Bundesgesetz über die Armee und die Militärverwaltung (Militärgesetz, MG)",,20140069,14.069,Weiterentwicklung der Armee. Änderung der Rechtsgrundlagen,16391,50,5001,DE,Antrag der Minderheit Graf-Litscher,Antrag der Mehrheit,12651,Wintersession 2015,Art. 54a Abs. 3,2015-12-02T10:23:00.9156619
91,1,"Loi fédérale sur l'armée et l'administration militaire (Loi sur l'armée, LAAM)",,20140069,14.069,Développement de l’armée. Modification des bases légales,16391,50,5001,EN,Antrag der Minderheit Graf-Litscher,Antrag der Mehrheit,12651,Session d'hiver 2015,Art. 54a Abs. 3,2015-12-02T10:23:00.9156619
92,1,"Loi fédérale sur l'armée et l'administration militaire (Loi sur l'armée, LAAM)",,20140069,14.069,Développement de l’armée. Modification des bases légales,16391,50,5001,FR,Antrag der Minderheit Graf-Litscher,Antrag der Mehrheit,12651,Session d'hiver 2015,Art. 54a Abs. 3,2015-12-02T10:23:00.9156619
93,1,"Legge federale sull'esercito e sull'amministrazione militare (Legge militare, LM)",,20140069,14.069,Ulteriore sviluppo deIl‘esercito. Modifica delle basi legali,16391,50,5001,IT,Antrag der Minderheit Graf-Litscher,Antrag der Mehrheit,12651,Sessione invernale 2015,Art. 54a Abs. 3,2015-12-02T10:23:00.9156619
94,1,"Bundesgesetz über die Armee und die Militärverwaltung (Militärgesetz, MG)",,20140069,14.069,Weiterentwicklung der Armee. Änderung der Rechtsgrundlagen,16391,50,5001,RM,Antrag der Minderheit Graf-Litscher,Antrag der Mehrheit,12651,Wintersession 2015,Art. 54a Abs. 3,2015-12-02T10:23:00.9156619
95,1,"Bundesgesetz über die Armee und die Militärverwaltung (Militärgesetz, MG)",,20140069,14.069,Weiterentwicklung der Armee. Änderung der Rechtsgrundlagen,16392,50,5001,DE,Antrag der Minderheit Graf-Litscher,Antrag der Mehrheit,12652,Wintersession 2015,Art. 94,2015-12-02T10:25:08.1664225
96,1,"Loi fédérale sur l'armée et l'administration militaire (Loi sur l'armée, LAAM)",,20140069,14.069,Développement de l’armée. Modification des bases légales,16392,50,5001,EN,Antrag der Minderheit Graf-Litscher,Antrag der Mehrheit,12652,Session d'hiver 2015,Art. 94,2015-12-02T10:25:08.1664225
97,1,"Loi fédérale sur l'armée et l'administration militaire (Loi sur l'armée, LAAM)",,20140069,14.069,Développement de l’armée. Modification des bases légales,16392,50,5001,FR,Antrag der Minderheit Graf-Litscher,Antrag der Mehrheit,12652,Session d'hiver 2015,Art. 94,2015-12-02T10:25:08.1664225
98,1,"Legge federale sull'esercito e sull'amministrazione militare (Legge militare, LM)",,20140069,14.069,Ulteriore sviluppo deIl‘esercito. Modifica delle basi legali,16392,50,5001,IT,Antrag der Minderheit Graf-Litscher,Antrag der Mehrheit,12652,Sessione invernale 2015,Art. 94,2015-12-02T10:25:08.1664225
99,1,"Bundesgesetz über die Armee und die Militärverwaltung (Militärgesetz, MG)",,20140069,14.069,Weiterentwicklung der Armee. Änderung der Rechtsgrundlagen,16392,50,5001,RM,Antrag der Minderheit Graf-Litscher,Antrag der Mehrheit,12652,Wintersession 2015,Art. 94,2015-12-02T10:25:08.1664225
